Donald Long,LongD,8690292166793653,7,3357831653,1,$2a$10$CoEOdRsiSJ/Jw75I7KwR0OSNPpKiq3RNc3lxU9rubX4kkOClUpSdC
Debra Rodriguez,RodrigD,NULL,7,3968750596,2,$2a$10$CoEOdRsiSJ/Jw75I7KwR0OSNPpKiq3RNc3lxU9rubX4kkOClUpSdC
Jessica Cox,CoxJ,9383386043965231,9,4551678722,3,$2a$10$CoEOdRsiSJ/Jw75I7KwR0OSNPpKiq3RNc3lxU9rubX4kkOClUpSdC
Peter Price,PriceP,7474214997884300,3,3882150864,4,$2a$10$CoEOdRsiSJ/Jw75I7KwR0OSNPpKiq3RNc3lxU9rubX4kkOClUpSdC
Craig Allen,AllenC,NULL,1,5598097323,5,$2a$10$CoEOdRsiSJ/Jw75I7KwR0OSNPpKiq3RNc3lxU9rubX4kkOClUpSdC
Nicole Rogers,RogersN,4528740826957018,1,9049029960,6,$2a$10$CoEOdRsiSJ/Jw75I7KwR0OSNPpKiq3RNc3lxU9rubX4kkOClUpSdC
Betty Howard,HowardB,8706484222440358,7,NULL,7,$2a$10$CoEOdRsiSJ/Jw75I7KwR0OSNPpKiq3RNc3lxU9rubX4kkOClUpSdC
Barbara Harris,HarrisB,7851851167356297,2,2366412020,8,$2a$10$CoEOdRsiSJ/Jw75I7KwR0OSNPpKiq3RNc3lxU9rubX4kkOClUpSdC
Ruth Bailey,BaileyR,NULL,6,NULL,9,$2a$10$CoEOdRsiSJ/Jw75I7KwR0OSNPpKiq3RNc3lxU9rubX4kkOClUpSdC
Eric Edwards,EdwardsE,2787572003091759,1,1496882575,10,$2a$10$CoEOdRsiSJ/Jw75I7KwR0OSNPpKiq3RNc3lxU9rubX4kkOClUpSdC
